{
  "hv20_current": 0.514630832516752,
  "hv60_current": 0.4213952399456764,
  "hv20_percentile": 75.26881720430107,
  "hv60_percentile": 40.58577405857741,
  "hv20_mean": 0.4146017321214629,
  "mom60": -0.1807909604519774,
  "skewness": null,
  "kurtosis": null,
  "composite_score": -0.275,
  "var95": -0.03833658219623131,
  "cvar95": -0.05471334640778534,
  "maxDrawdown": -0.07712193020249888,
  "retADF": -17.857778710491147,
  "peTTM": 18.63,
  "pb": 1.62
}